Flight Number,departureLocation.country,departureLocation.city,departureLocation.airport,departureLocation.terminal,arrivalLocation.country,arrivalLocation.city,arrivalLocation.airport,arrivalLocation.terminal,totalEconomySeats,totalBusinessSeats,totalFirstSeats,economySeatsAvailable,businessSeatsAvailable,firstSeatsAvailable,firstClassPrice,businessClassPrice,economyClassPrice,departureTime,arrivalTime
w8tfw8,ITALY,ROME,LEONARDO DA VINCI INTERNATIONAL AIRPORT,2,EGYPT,CAIRO,CAIRO,1,60,40,20,60,40,20,760,233,98,2022-06-20 06:07:20,2022-06-20 16:07:20
4XfcMq,ITALY,ROME,LEONARDO DA VINCI INTERNATIONAL AIRPORT,3,GERMANY,MUNICH,MUNICH INTRL AIRPORT,2,60,40,20,60,40,20,743,158,62,2022-06-28 08:08:50,2022-06-28 18:08:50
3kXPhR,ITALY,ROME,LEONARDO DA VINCI INTERNATIONAL AIRPORT,1,EGYPT,CAIRO,CAIRO,2,60,40,20,60,40,20,636,166,63,2022-06-25 14:48:00,2022-06-26 00:48:00
3SujQK,ITALY,ROME,LEONARDO DA VINCI INTERNATIONAL AIRPORT,1,GERMANY,MUNICH,MUNICH INTRL AIRPORT,2,60,40,20,60,40,20,355,243,39,2022-06-12 23:33:53,2022-06-13 09:33:53
rRQ2Gw,ITALY,ROME,LEONARDO DA VINCI INTERNATIONAL AIRPORT,1,EGYPT,CAIRO,CAIRO,1,60,40,20,60,40,20,318,202,32,2022-06-02 22:39:07,2022-06-03 08:39:07
V7rqXB,ITALY,ROME,LEONARDO DA VINCI INTERNATIONAL AIRPORT,3,GERMANY,MUNICH,MUNICH INTRL AIRPORT,3,60,40,20,60,40,20,570,172,79,2022-06-27 16:09:12,2022-06-28 02:09:12
5jUE2C,ITALY,ROME,LEONARDO DA VINCI INTERNATIONAL AIRPORT,2,EGYPT,CAIRO,CAIRO,2,60,40,20,60,40,20,347,155,37,2022-06-28 18:03:03,2022-06-29 04:03:03
3Z4nJN,ITALY,ROME,LEONARDO DA VINCI INTERNATIONAL AIRPORT,1,GERMANY,MUNICH,MUNICH INTRL AIRPORT,2,60,40,20,60,40,20,819,158,42,2022-06-30 19:13:32,2022-07-01 05:13:32
o2sYiR,ITALY,ROME,LEONARDO DA VINCI INTERNATIONAL AIRPORT,3,EGYPT,CAIRO,CAIRO,2,60,40,20,60,40,20,374,185,54,2022-06-21 07:02:57,2022-06-21 17:02:57
KH778Z,ITALY,ROME,LEONARDO DA VINCI INTERNATIONAL AIRPORT,2,GERMANY,MUNICH,MUNICH INTRL AIRPORT,2,60,40,20,60,40,20,364,220,68,2022-06-08 06:48:06,2022-06-08 16:48:06
49EwDF,ITALY,ROME,LEONARDO DA VINCI INTERNATIONAL AIRPORT,1,EGYPT,CAIRO,CAIRO,1,60,40,20,60,40,20,590,184,27,2022-06-06 17:39:22,2022-06-07 03:39:22
CLR6MK,ITALY,ROME,LEONARDO DA VINCI INTERNATIONAL AIRPORT,1,GERMANY,MUNICH,MUNICH INTRL AIRPORT,1,60,40,20,60,40,20,829,220,98,2022-06-25 13:43:06,2022-06-25 23:43:06
aaHQVg,ITALY,ROME,LEONARDO DA VINCI INTERNATIONAL AIRPORT,3,EGYPT,CAIRO,CAIRO,2,60,40,20,60,40,20,618,190,62,2022-06-18 04:57:08,2022-06-18 14:57:08
n73DE6,ITALY,ROME,LEONARDO DA VINCI INTERNATIONAL AIRPORT,1,GERMANY,MUNICH,MUNICH INTRL AIRPORT,3,60,40,20,60,40,20,711,153,55,2022-06-11 05:30:58,2022-06-11 15:30:58
AkHLZy,ITALY,ROME,LEONARDO DA VINCI INTERNATIONAL AIRPORT,2,EGYPT,CAIRO,CAIRO,3,60,40,20,60,40,20,616,172,67,2022-06-25 20:28:55,2022-06-26 06:28:55
45pTrQ,ITALY,ROME,LEONARDO DA VINCI INTERNATIONAL AIRPORT,2,GERMANY,MUNICH,MUNICH INTRL AIRPORT,2,60,40,20,60,40,20,902,196,101,2022-06-16 20:56:23,2022-06-17 06:56:23
5XtKqg,ITALY,ROME,LEONARDO DA VINCI INTERNATIONAL AIRPORT,3,EGYPT,CAIRO,CAIRO,3,60,40,20,60,40,20,862,232,88,2022-06-20 11:15:22,2022-06-20 21:15:22
3Mz5HA,ITALY,ROME,LEONARDO DA VINCI INTERNATIONAL AIRPORT,3,GERMANY,MUNICH,MUNICH INTRL AIRPORT,2,60,40,20,60,40,20,929,196,81,2022-06-09 04:46:51,2022-06-09 14:46:51
36yrsN,ITALY,ROME,LEONARDO DA VINCI INTERNATIONAL AIRPORT,2,EGYPT,CAIRO,CAIRO,2,60,40,20,60,40,20,851,176,116,2022-06-05 08:25:44,2022-06-05 18:25:44
43YAnJ,ITALY,ROME,LEONARDO DA VINCI INTERNATIONAL AIRPORT,3,GERMANY,MUNICH,MUNICH INTRL AIRPORT,2,60,40,20,60,40,20,746,190,15,2022-06-20 00:21:21,2022-06-20 10:21:21
34a9hM,ITALY,ROME,LEONARDO DA VINCI INTERNATIONAL AIRPORT,3,EGYPT,CAIRO,CAIRO,2,60,40,20,60,40,20,473,227,18,2022-06-14 08:37:57,2022-06-14 18:37:57
4W4wCJ,ITALY,ROME,LEONARDO DA VINCI INTERNATIONAL AIRPORT,3,GERMANY,MUNICH,MUNICH INTRL AIRPORT,2,60,40,20,60,40,20,928,180,48,2022-06-27 11:29:52,2022-06-27 21:29:52
35oTVS,ITALY,ROME,LEONARDO DA VINCI INTERNATIONAL AIRPORT,2,EGYPT,CAIRO,CAIRO,2,60,40,20,60,40,20,421,207,84,2022-06-04 13:04:41,2022-06-04 23:04:41
3MhWPv,ITALY,ROME,LEONARDO DA VINCI INTERNATIONAL AIRPORT,3,GERMANY,MUNICH,MUNICH INTRL AIRPORT,1,60,40,20,60,40,20,959,174,14,2022-06-22 10:33:56,2022-06-22 20:33:56
3r47Yd,ITALY,ROME,LEONARDO DA VINCI INTERNATIONAL AIRPORT,1,EGYPT,CAIRO,CAIRO,1,60,40,20,60,40,20,908,238,42,2022-06-13 01:17:45,2022-06-13 11:17:45
3MG3qt,ITALY,ROME,LEONARDO DA VINCI INTERNATIONAL AIRPORT,3,GERMANY,MUNICH,MUNICH INTRL AIRPORT,2,60,40,20,60,40,20,897,153,34,2022-06-03 00:49:51,2022-06-03 10:49:51
EoJRDa,ITALY,ROME,LEONARDO DA VINCI INTERNATIONAL AIRPORT,3,EGYPT,CAIRO,CAIRO,1,60,40,20,60,40,20,452,162,21,2022-06-11 15:55:05,2022-06-12 01:55:05
3bYFbT,ITALY,ROME,LEONARDO DA VINCI INTERNATIONAL AIRPORT,3,GERMANY,MUNICH,MUNICH INTRL AIRPORT,2,60,40,20,60,40,20,798,247,79,2022-06-27 01:18:01,2022-06-27 11:18:01
3fPJbH,ITALY,ROME,LEONARDO DA VINCI INTERNATIONAL AIRPORT,3,EGYPT,CAIRO,CAIRO,3,60,40,20,60,40,20,688,208,63,2022-06-20 04:20:05,2022-06-20 14:20:05
4LCjL4,ITALY,ROME,LEONARDO DA VINCI INTERNATIONAL AIRPORT,3,GERMANY,MUNICH,MUNICH INTRL AIRPORT,1,60,40,20,60,40,20,908,200,81,2022-06-01 11:08:06,2022-06-01 21:08:06
kwgUzM,GREECE,ATHENS,ATHENS AIRPORT,1,EGYPT,CAIRO,CAIRO,1,60,40,20,60,40,20,934,200,100,2022-06-20 10:33:15,2022-06-20 20:33:15
498kvU,GREECE,ATHENS,ATHENS AIRPORT,2,GERMANY,MUNICH,MUNICH INTRL AIRPORT,3,60,40,20,60,40,20,383,196,46,2022-06-04 05:25:25,2022-06-04 15:25:25
3JLynE,GREECE,ATHENS,ATHENS AIRPORT,2,EGYPT,CAIRO,CAIRO,3,60,40,20,60,40,20,629,189,62,2022-06-08 02:28:42,2022-06-08 12:28:42
46yFSs,GREECE,ATHENS,ATHENS AIRPORT,3,GERMANY,MUNICH,MUNICH INTRL AIRPORT,1,60,40,20,60,40,20,799,223,67,2022-06-24 08:53:15,2022-06-24 18:53:15
4HQGcQ,GREECE,ATHENS,ATHENS AIRPORT,3,EGYPT,CAIRO,CAIRO,3,60,40,20,60,40,20,657,184,59,2022-06-01 22:40:10,2022-06-02 08:40:10
3MHEfW,GREECE,ATHENS,ATHENS AIRPORT,1,GERMANY,MUNICH,MUNICH INTRL AIRPORT,3,60,40,20,60,40,20,960,237,25,2022-06-23 21:36:28,2022-06-24 07:36:28
M6ZGeA,GREECE,ATHENS,ATHENS AIRPORT,3,EGYPT,CAIRO,CAIRO,1,60,40,20,60,40,20,889,184,29,2022-06-13 14:59:36,2022-06-14 00:59:36
3HZraH,GREECE,ATHENS,ATHENS AIRPORT,1,GERMANY,MUNICH,MUNICH INTRL AIRPORT,2,60,40,20,60,40,20,925,154,112,2022-06-13 03:48:23,2022-06-13 13:48:23
38k9nf,GREECE,ATHENS,ATHENS AIRPORT,3,EGYPT,CAIRO,CAIRO,1,60,40,20,60,40,20,326,199,16,2022-06-27 16:05:40,2022-06-28 02:05:40
3KSiGV,GREECE,ATHENS,ATHENS AIRPORT,2,GERMANY,MUNICH,MUNICH INTRL AIRPORT,3,60,40,20,60,40,20,461,204,32,2022-06-11 18:49:20,2022-06-12 04:49:20
4G2ktb,GREECE,ATHENS,ATHENS AIRPORT,3,EGYPT,CAIRO,CAIRO,2,60,40,20,60,40,20,845,204,77,2022-06-08 07:22:09,2022-06-08 17:22:09
3wH7qn,GREECE,ATHENS,ATHENS AIRPORT,3,GERMANY,MUNICH,MUNICH INTRL AIRPORT,2,60,40,20,60,40,20,439,237,80,2022-06-28 01:10:45,2022-06-28 11:10:45
3WuSRc,GREECE,ATHENS,ATHENS AIRPORT,1,EGYPT,CAIRO,CAIRO,2,60,40,20,60,40,20,442,157,75,2022-06-03 10:28:37,2022-06-03 20:28:37
47AQW8,GREECE,ATHENS,ATHENS AIRPORT,3,GERMANY,MUNICH,MUNICH INTRL AIRPORT,1,60,40,20,60,40,20,992,199,41,2022-06-19 11:49:30,2022-06-19 21:49:30
3ZKgWG,GREECE,ATHENS,ATHENS AIRPORT,3,EGYPT,CAIRO,CAIRO,2,60,40,20,60,40,20,775,174,25,2022-06-28 15:58:06,2022-06-29 01:58:06
3ETjob,GREECE,ATHENS,ATHENS AIRPORT,1,GERMANY,MUNICH,MUNICH INTRL AIRPORT,3,60,40,20,60,40,20,588,189,120,2022-06-16 21:01:48,2022-06-17 07:01:48
i9VjbT,GREECE,ATHENS,ATHENS AIRPORT,3,EGYPT,CAIRO,CAIRO,1,60,40,20,60,40,20,625,230,90,2022-06-12 15:43:15,2022-06-13 01:43:15
3yYmkv,GREECE,ATHENS,ATHENS AIRPORT,3,GERMANY,MUNICH,MUNICH INTRL AIRPORT,1,60,40,20,60,40,20,441,210,117,2022-06-28 19:11:39,2022-06-29 05:11:39
KtG9Ms,GREECE,ATHENS,ATHENS AIRPORT,1,EGYPT,CAIRO,CAIRO,3,60,40,20,60,40,20,459,230,74,2022-06-10 23:07:21,2022-06-11 09:07:21
3soD8e,GREECE,ATHENS,ATHENS AIRPORT,2,GERMANY,MUNICH,MUNICH INTRL AIRPORT,3,60,40,20,60,40,20,304,215,91,2022-06-07 09:39:44,2022-06-07 19:39:44
3y95a3,GREECE,ATHENS,ATHENS AIRPORT,2,EGYPT,CAIRO,CAIRO,1,60,40,20,60,40,20,853,214,98,2022-06-22 21:39:34,2022-06-23 07:39:34
zf77q7,GREECE,ATHENS,ATHENS AIRPORT,1,GERMANY,MUNICH,MUNICH INTRL AIRPORT,2,60,40,20,60,40,20,894,209,50,2022-06-19 09:32:20,2022-06-19 19:32:20
yP6Ha6,GREECE,ATHENS,ATHENS AIRPORT,1,EGYPT,CAIRO,CAIRO,2,60,40,20,60,40,20,555,239,97,2022-06-24 07:42:31,2022-06-24 17:42:31
3XWTY6,GREECE,ATHENS,ATHENS AIRPORT,2,GERMANY,MUNICH,MUNICH INTRL AIRPORT,3,60,40,20,60,40,20,444,208,112,2022-06-04 23:30:21,2022-06-05 09:30:21
3hE5i3,GREECE,ATHENS,ATHENS AIRPORT,1,EGYPT,CAIRO,CAIRO,3,60,40,20,60,40,20,331,164,59,2022-06-10 20:45:58,2022-06-11 06:45:58
DDVfN3,GREECE,ATHENS,ATHENS AIRPORT,3,GERMANY,MUNICH,MUNICH INTRL AIRPORT,2,60,40,20,60,40,20,847,238,95,2022-06-12 14:18:34,2022-06-13 00:18:34
3emadd,GREECE,ATHENS,ATHENS AIRPORT,2,EGYPT,CAIRO,CAIRO,3,60,40,20,60,40,20,351,222,66,2022-06-19 20:31:00,2022-06-20 06:31:00
HH5Wj2,GREECE,ATHENS,ATHENS AIRPORT,3,GERMANY,MUNICH,MUNICH INTRL AIRPORT,1,60,40,20,60,40,20,777,152,114,2022-06-08 17:54:39,2022-06-09 03:54:39
QwXDDx,GREECE,ATHENS,ATHENS AIRPORT,2,EGYPT,CAIRO,CAIRO,2,60,40,20,60,40,20,410,228,53,2022-06-21 07:04:00,2022-06-21 17:04:00
3t5vVn,GREECE,ATHENS,ATHENS AIRPORT,2,GERMANY,MUNICH,MUNICH INTRL AIRPORT,1,60,40,20,60,40,20,827,166,64,2022-06-30 04:21:27,2022-06-30 14:21:27
3Zuf6A,CROATIA,DUBROVNIK,DUBROVNIK,1,EGYPT,CAIRO,CAIRO,1,60,40,20,60,40,20,394,203,56,2022-06-21 19:03:11,2022-06-22 05:03:11
47ySKR,CROATIA,DUBROVNIK,DUBROVNIK,2,GERMANY,MUNICH,MUNICH INTRL AIRPORT,2,60,40,20,60,40,20,552,159,61,2022-06-06 02:13:20,2022-06-06 12:13:20
JJywQq,CROATIA,DUBROVNIK,DUBROVNIK,3,EGYPT,CAIRO,CAIRO,1,60,40,20,60,40,20,833,153,72,2022-06-28 09:16:39,2022-06-28 19:16:39
4ENHmX,CROATIA,DUBROVNIK,DUBROVNIK,1,GERMANY,MUNICH,MUNICH INTRL AIRPORT,3,60,40,20,60,40,20,716,174,86,2022-06-03 03:55:24,2022-06-03 13:55:24
mQJuYv,CROATIA,DUBROVNIK,DUBROVNIK,2,EGYPT,CAIRO,CAIRO,2,60,40,20,60,40,20,741,192,64,2022-06-03 00:44:44,2022-06-03 10:44:44
4A66Uy,CROATIA,DUBROVNIK,DUBROVNIK,3,GERMANY,MUNICH,MUNICH INTRL AIRPORT,2,60,40,20,60,40,20,746,247,52,2022-06-26 00:40:29,2022-06-26 10:40:29
AkHhBH,CROATIA,DUBROVNIK,DUBROVNIK,3,EGYPT,CAIRO,CAIRO,2,60,40,20,60,40,20,989,156,23,2022-06-26 15:11:19,2022-06-27 01:11:19
N97nhA,CROATIA,DUBROVNIK,DUBROVNIK,1,GERMANY,MUNICH,MUNICH INTRL AIRPORT,1,60,40,20,60,40,20,578,206,34,2022-06-16 04:42:32,2022-06-16 14:42:32
hFqfLv,CROATIA,DUBROVNIK,DUBROVNIK,1,EGYPT,CAIRO,CAIRO,1,60,40,20,60,40,20,543,216,39,2022-06-03 11:14:52,2022-06-03 21:14:52
4Ekokv,CROATIA,DUBROVNIK,DUBROVNIK,3,GERMANY,MUNICH,MUNICH INTRL AIRPORT,3,60,40,20,60,40,20,864,231,69,2022-06-11 14:25:19,2022-06-12 00:25:19
VtZ7P6,CROATIA,DUBROVNIK,DUBROVNIK,3,EGYPT,CAIRO,CAIRO,2,60,40,20,60,40,20,899,246,103,2022-06-15 23:41:27,2022-06-16 09:41:27
3DjUEx,CROATIA,DUBROVNIK,DUBROVNIK,3,GERMANY,MUNICH,MUNICH INTRL AIRPORT,1,60,40,20,60,40,20,328,200,116,2022-06-18 13:56:01,2022-06-18 23:56:01
4Q7f9e,CROATIA,DUBROVNIK,DUBROVNIK,2,EGYPT,CAIRO,CAIRO,1,60,40,20,60,40,20,950,203,29,2022-06-20 20:14:16,2022-06-21 06:14:16
3Aoh7y,CROATIA,DUBROVNIK,DUBROVNIK,1,GERMANY,MUNICH,MUNICH INTRL AIRPORT,3,60,40,20,60,40,20,973,173,115,2022-06-27 10:55:40,2022-06-27 20:55:40
38q4ff,CROATIA,DUBROVNIK,DUBROVNIK,3,EGYPT,CAIRO,CAIRO,3,60,40,20,60,40,20,981,241,65,2022-06-09 18:23:38,2022-06-10 04:23:38
3nR7ru,CROATIA,DUBROVNIK,DUBROVNIK,3,GERMANY,MUNICH,MUNICH INTRL AIRPORT,3,60,40,20,60,40,20,567,224,50,2022-06-19 10:01:27,2022-06-19 20:01:27
4NBhNR,CROATIA,DUBROVNIK,DUBROVNIK,3,EGYPT,CAIRO,CAIRO,1,60,40,20,60,40,20,886,227,48,2022-06-05 02:45:25,2022-06-05 12:45:25
JEsgKA,CROATIA,DUBROVNIK,DUBROVNIK,3,GERMANY,MUNICH,MUNICH INTRL AIRPORT,2,60,40,20,60,40,20,990,186,12,2022-06-18 08:52:04,2022-06-18 18:52:04
4SLpSW,CROATIA,DUBROVNIK,DUBROVNIK,1,EGYPT,CAIRO,CAIRO,2,60,40,20,60,40,20,736,207,91,2022-06-22 12:23:46,2022-06-22 22:23:46
f9JUJJ,CROATIA,DUBROVNIK,DUBROVNIK,2,GERMANY,MUNICH,MUNICH INTRL AIRPORT,1,60,40,20,60,40,20,409,151,40,2022-06-15 10:06:27,2022-06-15 20:06:27
46Rt97,CROATIA,DUBROVNIK,DUBROVNIK,3,EGYPT,CAIRO,CAIRO,3,60,40,20,60,40,20,887,178,103,2022-06-07 22:08:58,2022-06-08 08:08:58
pYwfcw,CROATIA,DUBROVNIK,DUBROVNIK,1,GERMANY,MUNICH,MUNICH INTRL AIRPORT,3,60,40,20,60,40,20,505,195,81,2022-06-10 15:46:40,2022-06-11 01:46:40
4Ban7s,CROATIA,DUBROVNIK,DUBROVNIK,1,EGYPT,CAIRO,CAIRO,1,60,40,20,60,40,20,831,249,48,2022-06-11 16:25:46,2022-06-12 02:25:46
JGZBFV,CROATIA,DUBROVNIK,DUBROVNIK,3,GERMANY,MUNICH,MUNICH INTRL AIRPORT,1,60,40,20,60,40,20,436,164,31,2022-06-30 11:44:43,2022-06-30 21:44:43
3YW2d8,CROATIA,DUBROVNIK,DUBROVNIK,1,EGYPT,CAIRO,CAIRO,3,60,40,20,60,40,20,718,175,72,2022-06-07 21:23:54,2022-06-08 07:23:54
35TW8j,CROATIA,DUBROVNIK,DUBROVNIK,2,GERMANY,MUNICH,MUNICH INTRL AIRPORT,2,60,40,20,60,40,20,825,197,87,2022-06-21 15:19:26,2022-06-22 01:19:26
4V72ow,CROATIA,DUBROVNIK,DUBROVNIK,1,EGYPT,CAIRO,CAIRO,3,60,40,20,60,40,20,723,243,78,2022-06-11 04:57:29,2022-06-11 14:57:29
3aXtD6,CROATIA,DUBROVNIK,DUBROVNIK,2,GERMANY,MUNICH,MUNICH INTRL AIRPORT,2,60,40,20,60,40,20,644,153,47,2022-06-25 11:13:46,2022-06-25 21:13:46
NXSFVw,CROATIA,DUBROVNIK,DUBROVNIK,2,EGYPT,CAIRO,CAIRO,3,60,40,20,60,40,20,507,221,111,2022-06-24 10:39:34,2022-06-24 20:39:34
47BoVX,CROATIA,DUBROVNIK,DUBROVNIK,2,GERMANY,MUNICH,MUNICH INTRL AIRPORT,2,60,40,20,60,40,20,722,205,60,2022-06-02 18:53:56,2022-06-03 04:53:56
3CyG7v,SPAIN,SEVILLE,SEVILLE,1,EGYPT,CAIRO,CAIRO,1,60,40,20,60,40,20,844,158,71,2022-06-10 22:38:05,2022-06-11 08:38:05
32jDay,SPAIN,SEVILLE,SEVILLE,3,GERMANY,MUNICH,MUNICH INTRL AIRPORT,1,60,40,20,60,40,20,359,188,41,2022-06-15 23:52:08,2022-06-16 09:52:08
3EtxSc,SPAIN,SEVILLE,SEVILLE,1,EGYPT,CAIRO,CAIRO,1,60,40,20,60,40,20,842,179,41,2022-06-09 23:37:40,2022-06-10 09:37:40
4LxgUx,SPAIN,SEVILLE,SEVILLE,3,GERMANY,MUNICH,MUNICH INTRL AIRPORT,2,60,40,20,60,40,20,657,190,22,2022-06-14 20:36:46,2022-06-15 06:36:46
4PtUBn,SPAIN,SEVILLE,SEVILLE,2,EGYPT,CAIRO,CAIRO,2,60,40,20,60,40,20,673,179,35,2022-06-29 12:53:54,2022-06-29 22:53:54
39J3gW,SPAIN,SEVILLE,SEVILLE,3,GERMANY,MUNICH,MUNICH INTRL AIRPORT,2,60,40,20,60,40,20,539,183,14,2022-06-15 20:47:05,2022-06-16 06:47:05
fHzZcz,SPAIN,SEVILLE,SEVILLE,2,EGYPT,CAIRO,CAIRO,3,60,40,20,60,40,20,768,178,42,2022-06-06 07:22:56,2022-06-06 17:22:56
ZJyh4P,SPAIN,SEVILLE,SEVILLE,1,GERMANY,MUNICH,MUNICH INTRL AIRPORT,1,60,40,20,60,40,20,802,214,73,2022-06-20 14:15:47,2022-06-21 00:15:47
yAEnpU,SPAIN,SEVILLE,SEVILLE,3,EGYPT,CAIRO,CAIRO,3,60,40,20,60,40,20,835,173,15,2022-06-04 23:39:26,2022-06-05 09:39:26
42wEyS,SPAIN,SEVILLE,SEVILLE,1,GERMANY,MUNICH,MUNICH INTRL AIRPORT,2,60,40,20,60,40,20,942,223,22,2022-06-25 05:18:06,2022-06-25 15:18:06
3D3B52,SPAIN,SEVILLE,SEVILLE,3,EGYPT,CAIRO,CAIRO,2,60,40,20,60,40,20,926,194,114,2022-06-21 18:14:50,2022-06-22 04:14:50
3myMER,SPAIN,SEVILLE,SEVILLE,2,GERMANY,MUNICH,MUNICH INTRL AIRPORT,3,60,40,20,60,40,20,920,176,19,2022-06-22 10:24:45,2022-06-22 20:24:45
3FWsaL,SPAIN,SEVILLE,SEVILLE,1,EGYPT,CAIRO,CAIRO,1,60,40,20,60,40,20,983,187,49,2022-06-12 08:25:08,2022-06-12 18:25:08
38fyQr,SPAIN,SEVILLE,SEVILLE,2,GERMANY,MUNICH,MUNICH INTRL AIRPORT,1,60,40,20,60,40,20,970,234,44,2022-06-21 06:00:37,2022-06-21 16:00:37
xV3ojK,SPAIN,SEVILLE,SEVILLE,2,EGYPT,CAIRO,CAIRO,3,60,40,20,60,40,20,647,221,119,2022-06-24 20:42:09,2022-06-25 06:42:09
SSaUDv,SPAIN,SEVILLE,SEVILLE,3,GERMANY,MUNICH,MUNICH INTRL AIRPORT,3,60,40,20,60,40,20,933,238,23,2022-06-03 09:35:13,2022-06-03 19:35:13
3QtW7N,SPAIN,SEVILLE,SEVILLE,2,EGYPT,CAIRO,CAIRO,3,60,40,20,60,40,20,445,217,20,2022-06-25 14:12:24,2022-06-26 00:12:24
4SZNWa,SPAIN,SEVILLE,SEVILLE,2,GERMANY,MUNICH,MUNICH INTRL AIRPORT,3,60,40,20,60,40,20,451,241,34,2022-06-10 21:50:04,2022-06-11 07:50:04
4J6Wn9,SPAIN,SEVILLE,SEVILLE,1,EGYPT,CAIRO,CAIRO,1,60,40,20,60,40,20,640,198,95,2022-06-08 20:13:55,2022-06-09 06:13:55
XkaupJ,SPAIN,SEVILLE,SEVILLE,3,GERMANY,MUNICH,MUNICH INTRL AIRPORT,2,60,40,20,60,40,20,470,198,52,2022-06-29 20:32:47,2022-06-30 06:32:47
34rw4P,SPAIN,SEVILLE,SEVILLE,3,EGYPT,CAIRO,CAIRO,1,60,40,20,60,40,20,402,157,120,2022-06-03 01:31:16,2022-06-03 11:31:16
366dVu,SPAIN,SEVILLE,SEVILLE,2,GERMANY,MUNICH,MUNICH INTRL AIRPORT,1,60,40,20,60,40,20,423,181,80,2022-06-28 22:15:21,2022-06-29 08:15:21
8qwCq8,SPAIN,SEVILLE,SEVILLE,3,EGYPT,CAIRO,CAIRO,1,60,40,20,60,40,20,771,164,32,2022-06-17 23:30:28,2022-06-18 09:30:28
3Sc5Vq,SPAIN,SEVILLE,SEVILLE,3,GERMANY,MUNICH,MUNICH INTRL AIRPORT,3,60,40,20,60,40,20,793,157,52,2022-06-11 23:35:48,2022-06-12 09:35:48
eXgyKK,SPAIN,SEVILLE,SEVILLE,1,EGYPT,CAIRO,CAIRO,1,60,40,20,60,40,20,857,206,111,2022-06-12 06:13:51,2022-06-12 16:13:51
iyEZn5,SPAIN,SEVILLE,SEVILLE,1,GERMANY,MUNICH,MUNICH INTRL AIRPORT,1,60,40,20,60,40,20,367,204,21,2022-06-16 06:06:51,2022-06-16 16:06:51
uGbpGU,SPAIN,SEVILLE,SEVILLE,1,EGYPT,CAIRO,CAIRO,1,60,40,20,60,40,20,724,161,103,2022-06-27 19:39:54,2022-06-28 05:39:54
3uuz3U,SPAIN,SEVILLE,SEVILLE,3,GERMANY,MUNICH,MUNICH INTRL AIRPORT,1,60,40,20,60,40,20,341,174,66,2022-06-29 20:21:11,2022-06-30 06:21:11
3Cqb4V,SPAIN,SEVILLE,SEVILLE,2,EGYPT,CAIRO,CAIRO,3,60,40,20,60,40,20,716,174,93,2022-06-21 04:57:23,2022-06-21 14:57:23
FbXJXs,SPAIN,SEVILLE,SEVILLE,2,GERMANY,MUNICH,MUNICH INTRL AIRPORT,2,60,40,20,60,40,20,849,243,108,2022-06-21 18:42:20,2022-06-22 04:42:20
3RNbJV,CROATIA,SPLIT,SPLIT,2,EGYPT,CAIRO,CAIRO,2,60,40,20,60,40,20,688,168,101,2022-06-07 04:57:24,2022-06-07 14:57:24
33mRUA,CROATIA,SPLIT,SPLIT,2,GERMANY,MUNICH,MUNICH INTRL AIRPORT,2,60,40,20,60,40,20,630,171,26,2022-06-04 08:49:00,2022-06-04 18:49:00
4DEzq5,CROATIA,SPLIT,SPLIT,3,EGYPT,CAIRO,CAIRO,3,60,40,20,60,40,20,349,202,109,2022-06-29 00:07:32,2022-06-29 10:07:32
3gUhRR,CROATIA,SPLIT,SPLIT,3,GERMANY,MUNICH,MUNICH INTRL AIRPORT,3,60,40,20,60,40,20,688,167,50,2022-06-08 14:06:41,2022-06-09 00:06:41
88WUb9,CROATIA,SPLIT,SPLIT,1,EGYPT,CAIRO,CAIRO,1,60,40,20,60,40,20,577,208,110,2022-06-16 00:31:22,2022-06-16 10:31:22
3rdv4S,CROATIA,SPLIT,SPLIT,2,GERMANY,MUNICH,MUNICH INTRL AIRPORT,1,60,40,20,60,40,20,958,159,68,2022-06-12 19:09:56,2022-06-13 05:09:56
3dZtZG,CROATIA,SPLIT,SPLIT,1,EGYPT,CAIRO,CAIRO,3,60,40,20,60,40,20,498,163,46,2022-06-03 01:35:39,2022-06-03 11:35:39
pUX5Lz,CROATIA,SPLIT,SPLIT,2,GERMANY,MUNICH,MUNICH INTRL AIRPORT,3,60,40,20,60,40,20,363,221,113,2022-06-11 08:06:32,2022-06-11 18:06:32
49cWUi,CROATIA,SPLIT,SPLIT,1,EGYPT,CAIRO,CAIRO,3,60,40,20,60,40,20,544,240,64,2022-06-07 22:06:09,2022-06-08 08:06:09
cfRiMD,CROATIA,SPLIT,SPLIT,2,GERMANY,MUNICH,MUNICH INTRL AIRPORT,3,60,40,20,60,40,20,679,217,93,2022-06-09 13:17:12,2022-06-09 23:17:12
3ggnHX,CROATIA,SPLIT,SPLIT,3,EGYPT,CAIRO,CAIRO,1,60,40,20,60,40,20,316,207,38,2022-06-07 12:46:45,2022-06-07 22:46:45
3YTzpy,CROATIA,SPLIT,SPLIT,2,GERMANY,MUNICH,MUNICH INTRL AIRPORT,3,60,40,20,60,40,20,430,160,16,2022-06-23 06:48:52,2022-06-23 16:48:52
4E6kuk,CROATIA,SPLIT,SPLIT,3,EGYPT,CAIRO,CAIRO,2,60,40,20,60,40,20,613,183,111,2022-06-19 15:12:21,2022-06-20 01:12:21
6VgboG,CROATIA,SPLIT,SPLIT,1,GERMANY,MUNICH,MUNICH INTRL AIRPORT,1,60,40,20,60,40,20,639,171,63,2022-06-28 05:03:06,2022-06-28 15:03:06
379tzj,CROATIA,SPLIT,SPLIT,2,EGYPT,CAIRO,CAIRO,1,60,40,20,60,40,20,940,170,59,2022-06-07 05:11:21,2022-06-07 15:11:21
6bhyHV,CROATIA,SPLIT,SPLIT,1,GERMANY,MUNICH,MUNICH INTRL AIRPORT,3,60,40,20,60,40,20,325,186,42,2022-06-28 12:21:00,2022-06-28 22:21:00
3wawz2,CROATIA,SPLIT,SPLIT,3,EGYPT,CAIRO,CAIRO,2,60,40,20,60,40,20,876,152,46,2022-06-16 20:33:35,2022-06-17 06:33:35
3iuEU3,CROATIA,SPLIT,SPLIT,3,GERMANY,MUNICH,MUNICH INTRL AIRPORT,1,60,40,20,60,40,20,967,159,67,2022-06-04 17:56:24,2022-06-05 03:56:24
aeo5aE,CROATIA,SPLIT,SPLIT,1,EGYPT,CAIRO,CAIRO,2,60,40,20,60,40,20,701,207,28,2022-06-21 16:21:20,2022-06-22 02:21:20
4Jxgp2,CROATIA,SPLIT,SPLIT,1,GERMANY,MUNICH,MUNICH INTRL AIRPORT,3,60,40,20,60,40,20,465,189,68,2022-06-15 16:20:37,2022-06-16 02:20:37
4WtxyP,CROATIA,SPLIT,SPLIT,3,EGYPT,CAIRO,CAIRO,3,60,40,20,60,40,20,622,186,43,2022-06-20 19:01:22,2022-06-21 05:01:22
3hUhWG,CROATIA,SPLIT,SPLIT,3,GERMANY,MUNICH,MUNICH INTRL AIRPORT,3,60,40,20,60,40,20,499,233,99,2022-06-16 14:22:25,2022-06-17 00:22:25
zMhbTt,CROATIA,SPLIT,SPLIT,2,EGYPT,CAIRO,CAIRO,2,60,40,20,60,40,20,632,161,102,2022-06-13 05:07:04,2022-06-13 15:07:04
4TxmaZ,CROATIA,SPLIT,SPLIT,2,GERMANY,MUNICH,MUNICH INTRL AIRPORT,1,60,40,20,60,40,20,670,198,51,2022-06-10 00:38:19,2022-06-10 10:38:19
3orRfp,CROATIA,SPLIT,SPLIT,1,EGYPT,CAIRO,CAIRO,1,60,40,20,60,40,20,959,238,26,2022-06-25 18:41:31,2022-06-26 04:41:31
4BmDRG,CROATIA,SPLIT,SPLIT,2,GERMANY,MUNICH,MUNICH INTRL AIRPORT,2,60,40,20,60,40,20,975,225,15,2022-06-29 22:27:30,2022-06-30 08:27:30
39LNCq,CROATIA,SPLIT,SPLIT,3,EGYPT,CAIRO,CAIRO,1,60,40,20,60,40,20,459,159,66,2022-06-07 00:34:18,2022-06-07 10:34:18
4EZEmF,CROATIA,SPLIT,SPLIT,2,GERMANY,MUNICH,MUNICH INTRL AIRPORT,2,60,40,20,60,40,20,725,240,39,2022-06-16 12:03:22,2022-06-16 22:03:22
dYViGR,CROATIA,SPLIT,SPLIT,2,EGYPT,CAIRO,CAIRO,2,60,40,20,60,40,20,658,216,73,2022-06-26 18:54:20,2022-06-27 04:54:20
45n4TD,CROATIA,SPLIT,SPLIT,2,GERMANY,MUNICH,MUNICH INTRL AIRPORT,1,60,40,20,60,40,20,571,229,23,2022-06-03 17:31:57,2022-06-04 03:31:57
3NcPF3,ITALY,GENOA,SESTRI,2,EGYPT,CAIRO,CAIRO,1,60,40,20,60,40,20,748,177,36,2022-06-24 10:48:15,2022-06-24 20:48:15
3nPsJZ,ITALY,GENOA,SESTRI,2,GERMANY,MUNICH,MUNICH INTRL AIRPORT,1,60,40,20,60,40,20,517,181,66,2022-06-13 15:03:36,2022-06-14 01:03:36
4WfRi2,ITALY,GENOA,SESTRI,3,EGYPT,CAIRO,CAIRO,3,60,40,20,60,40,20,389,202,75,2022-06-16 02:21:23,2022-06-16 12:21:23
3HYnJH,ITALY,GENOA,SESTRI,2,GERMANY,MUNICH,MUNICH INTRL AIRPORT,3,60,40,20,60,40,20,458,198,62,2022-06-28 03:13:47,2022-06-28 13:13:47
4KQ3ur,ITALY,GENOA,SESTRI,3,EGYPT,CAIRO,CAIRO,1,60,40,20,60,40,20,311,228,85,2022-06-04 22:41:51,2022-06-05 08:41:51
3Sfn7T,ITALY,GENOA,SESTRI,1,GERMANY,MUNICH,MUNICH INTRL AIRPORT,3,60,40,20,60,40,20,746,232,75,2022-06-08 22:45:41,2022-06-09 08:45:41
5Xp5dE,ITALY,GENOA,SESTRI,2,EGYPT,CAIRO,CAIRO,3,60,40,20,60,40,20,681,198,30,2022-06-17 06:26:53,2022-06-17 16:26:53
4BMYZp,ITALY,GENOA,SESTRI,1,GERMANY,MUNICH,MUNICH INTRL AIRPORT,3,60,40,20,60,40,20,976,228,85,2022-06-29 10:02:44,2022-06-29 20:02:44
4SUBpS,ITALY,GENOA,SESTRI,2,EGYPT,CAIRO,CAIRO,2,60,40,20,60,40,20,708,249,75,2022-06-11 10:30:12,2022-06-11 20:30:12
4R6rnp,ITALY,GENOA,SESTRI,1,GERMANY,MUNICH,MUNICH INTRL AIRPORT,1,60,40,20,60,40,20,815,199,111,2022-06-19 23:37:35,2022-06-20 09:37:35
9rTX66,ITALY,GENOA,SESTRI,1,EGYPT,CAIRO,CAIRO,3,60,40,20,60,40,20,421,239,60,2022-06-23 23:28:56,2022-06-24 09:28:56
gB4Mbp,ITALY,GENOA,SESTRI,3,GERMANY,MUNICH,MUNICH INTRL AIRPORT,1,60,40,20,60,40,20,327,246,80,2022-06-14 14:42:46,2022-06-15 00:42:46
4VzoMp,ITALY,GENOA,SESTRI,2,EGYPT,CAIRO,CAIRO,2,60,40,20,60,40,20,372,239,80,2022-06-16 20:53:49,2022-06-17 06:53:49
3mnLMJ,ITALY,GENOA,SESTRI,2,GERMANY,MUNICH,MUNICH INTRL AIRPORT,3,60,40,20,60,40,20,349,232,83,2022-06-15 17:17:32,2022-06-16 03:17:32
3FvtRC,ITALY,GENOA,SESTRI,2,EGYPT,CAIRO,CAIRO,2,60,40,20,60,40,20,349,203,61,2022-06-16 18:38:30,2022-06-17 04:38:30
HUwSGK,ITALY,GENOA,SESTRI,1,GERMANY,MUNICH,MUNICH INTRL AIRPORT,3,60,40,20,60,40,20,626,205,98,2022-06-12 11:14:49,2022-06-12 21:14:49
3YVNCE,ITALY,GENOA,SESTRI,1,EGYPT,CAIRO,CAIRO,3,60,40,20,60,40,20,645,220,63,2022-06-07 01:18:49,2022-06-07 11:18:49
3jpodP,ITALY,GENOA,SESTRI,3,GERMANY,MUNICH,MUNICH INTRL AIRPORT,2,60,40,20,60,40,20,753,192,44,2022-06-30 17:25:21,2022-07-01 03:25:21
3iP9Vw,ITALY,GENOA,SESTRI,1,EGYPT,CAIRO,CAIRO,2,60,40,20,60,40,20,957,218,56,2022-06-17 19:37:49,2022-06-18 05:37:49
3QSpo5,ITALY,GENOA,SESTRI,1,GERMANY,MUNICH,MUNICH INTRL AIRPORT,1,60,40,20,60,40,20,601,202,99,2022-06-19 19:08:57,2022-06-20 05:08:57
bGvmiP,ITALY,GENOA,SESTRI,2,EGYPT,CAIRO,CAIRO,2,60,40,20,60,40,20,734,183,43,2022-06-17 19:19:56,2022-06-18 05:19:56
oa8kQe,ITALY,GENOA,SESTRI,1,GERMANY,MUNICH,MUNICH INTRL AIRPORT,2,60,40,20,60,40,20,918,179,86,2022-06-11 07:07:10,2022-06-11 17:07:10
qGpaZc,ITALY,GENOA,SESTRI,1,EGYPT,CAIRO,CAIRO,1,60,40,20,60,40,20,438,212,71,2022-06-14 18:33:58,2022-06-15 04:33:58
37ZZvx,ITALY,GENOA,SESTRI,1,GERMANY,MUNICH,MUNICH INTRL AIRPORT,1,60,40,20,60,40,20,779,181,61,2022-06-21 09:22:26,2022-06-21 19:22:26
42Tp6j,ITALY,GENOA,SESTRI,2,EGYPT,CAIRO,CAIRO,2,60,40,20,60,40,20,520,216,45,2022-06-04 15:20:04,2022-06-05 01:20:04
4BeiE7,ITALY,GENOA,SESTRI,2,GERMANY,MUNICH,MUNICH INTRL AIRPORT,2,60,40,20,60,40,20,557,224,78,2022-06-07 09:24:32,2022-06-07 19:24:32
uT2nam,ITALY,GENOA,SESTRI,3,EGYPT,CAIRO,CAIRO,1,60,40,20,60,40,20,343,241,45,2022-06-08 14:22:37,2022-06-09 00:22:37
36RNxm,ITALY,GENOA,SESTRI,2,GERMANY,MUNICH,MUNICH INTRL AIRPORT,1,60,40,20,60,40,20,318,235,74,2022-06-18 03:56:42,2022-06-18 13:56:42
36NX94,ITALY,GENOA,SESTRI,3,EGYPT,CAIRO,CAIRO,1,60,40,20,60,40,20,522,180,111,2022-06-12 13:32:11,2022-06-12 23:32:11
3YpmG7,ITALY,GENOA,SESTRI,1,GERMANY,MUNICH,MUNICH INTRL AIRPORT,1,60,40,20,60,40,20,324,233,23,2022-06-26 04:35:53,2022-06-26 14:35:53
3Ph6LB,EGYPT,CAIRO,CAIRO,2,ITALY,ROME,LEONARDO DA VINCI INTERNATIONAL AIRPORT,3,60,40,20,60,40,20,438,179,90,2022-06-28 04:57:51,2022-06-28 14:57:51
3R8ShZ,EGYPT,CAIRO,CAIRO,1,ITALY,ROME,LEONARDO DA VINCI INTERNATIONAL AIRPORT,3,60,40,20,60,40,20,689,158,61,2022-06-14 18:46:40,2022-06-15 04:46:40
433Brs,EGYPT,CAIRO,CAIRO,3,ITALY,ROME,LEONARDO DA VINCI INTERNATIONAL AIRPORT,1,60,40,20,60,40,20,449,250,35,2022-06-07 03:33:36,2022-06-07 13:33:36
3FuvKb,EGYPT,CAIRO,CAIRO,2,ITALY,ROME,LEONARDO DA VINCI INTERNATIONAL AIRPORT,1,60,40,20,60,40,20,897,246,44,2022-06-12 06:35:31,2022-06-12 16:35:31
T7VXJT,EGYPT,CAIRO,CAIRO,3,ITALY,ROME,LEONARDO DA VINCI INTERNATIONAL AIRPORT,1,60,40,20,60,40,20,446,181,18,2022-06-18 05:11:53,2022-06-18 15:11:53
99RjwS,EGYPT,CAIRO,CAIRO,1,ITALY,ROME,LEONARDO DA VINCI INTERNATIONAL AIRPORT,2,60,40,20,60,40,20,572,179,39,2022-06-17 02:02:21,2022-06-17 12:02:21
3MAq9h,EGYPT,CAIRO,CAIRO,3,ITALY,ROME,LEONARDO DA VINCI INTERNATIONAL AIRPORT,1,60,40,20,60,40,20,845,163,114,2022-06-20 08:15:02,2022-06-20 18:15:02
3wcMbt,EGYPT,CAIRO,CAIRO,3,ITALY,ROME,LEONARDO DA VINCI INTERNATIONAL AIRPORT,1,60,40,20,60,40,20,597,185,107,2022-06-10 05:21:28,2022-06-10 15:21:28
4KjqzY,EGYPT,CAIRO,CAIRO,1,ITALY,ROME,LEONARDO DA VINCI INTERNATIONAL AIRPORT,3,60,40,20,60,40,20,890,185,21,2022-06-10 08:35:13,2022-06-10 18:35:13
3C2oB2,EGYPT,CAIRO,CAIRO,3,ITALY,ROME,LEONARDO DA VINCI INTERNATIONAL AIRPORT,1,60,40,20,60,40,20,327,153,64,2022-06-25 09:59:01,2022-06-25 19:59:01
3wouvU,EGYPT,CAIRO,CAIRO,3,ITALY,ROME,LEONARDO DA VINCI INTERNATIONAL AIRPORT,3,60,40,20,60,40,20,351,196,82,2022-06-11 04:33:26,2022-06-11 14:33:26
SCauAT,EGYPT,CAIRO,CAIRO,1,ITALY,ROME,LEONARDO DA VINCI INTERNATIONAL AIRPORT,2,60,40,20,60,40,20,523,152,74,2022-06-23 19:38:55,2022-06-24 05:38:55
38rkVk,EGYPT,CAIRO,CAIRO,2,ITALY,ROME,LEONARDO DA VINCI INTERNATIONAL AIRPORT,2,60,40,20,60,40,20,700,213,83,2022-06-26 07:26:31,2022-06-26 17:26:31
zT47ya,EGYPT,CAIRO,CAIRO,2,ITALY,ROME,LEONARDO DA VINCI INTERNATIONAL AIRPORT,2,60,40,20,60,40,20,570,201,83,2022-06-10 15:59:27,2022-06-11 01:59:27
3YFwtB,EGYPT,CAIRO,CAIRO,3,ITALY,ROME,LEONARDO DA VINCI INTERNATIONAL AIRPORT,1,60,40,20,60,40,20,772,166,29,2022-06-15 20:47:31,2022-06-16 06:47:31
3wSJx2,EGYPT,CAIRO,CAIRO,2,GREECE,ATHENS,ATHENS AIRPORT,1,60,40,20,60,40,20,823,230,83,2022-06-01 00:35:39,2022-06-01 10:35:39
36HX7V,EGYPT,CAIRO,CAIRO,2,GREECE,ATHENS,ATHENS AIRPORT,1,60,40,20,60,40,20,547,177,116,2022-06-22 06:16:59,2022-06-22 16:16:59
48ea8d,EGYPT,CAIRO,CAIRO,1,GREECE,ATHENS,ATHENS AIRPORT,2,60,40,20,60,40,20,439,153,31,2022-06-24 14:20:41,2022-06-25 00:20:41
33VySu,EGYPT,CAIRO,CAIRO,2,GREECE,ATHENS,ATHENS AIRPORT,2,60,40,20,60,40,20,746,225,98,2022-06-02 16:27:03,2022-06-03 02:27:03
6BZ397,EGYPT,CAIRO,CAIRO,2,GREECE,ATHENS,ATHENS AIRPORT,3,60,40,20,60,40,20,474,200,11,2022-06-24 01:45:08,2022-06-24 11:45:08
NbCx4t,EGYPT,CAIRO,CAIRO,3,GREECE,ATHENS,ATHENS AIRPORT,3,60,40,20,60,40,20,665,228,16,2022-06-04 08:35:48,2022-06-04 18:35:48
4GgNLg,EGYPT,CAIRO,CAIRO,1,GREECE,ATHENS,ATHENS AIRPORT,3,60,40,20,60,40,20,759,237,85,2022-06-22 01:19:33,2022-06-22 11:19:33
rSD9py,EGYPT,CAIRO,CAIRO,2,GREECE,ATHENS,ATHENS AIRPORT,3,60,40,20,60,40,20,609,237,79,2022-06-13 04:53:18,2022-06-13 14:53:18
ne6mWv,EGYPT,CAIRO,CAIRO,1,GREECE,ATHENS,ATHENS AIRPORT,2,60,40,20,60,40,20,429,233,86,2022-06-27 14:04:46,2022-06-28 00:04:46
3QKnPx,EGYPT,CAIRO,CAIRO,1,GREECE,ATHENS,ATHENS AIRPORT,2,60,40,20,60,40,20,721,195,40,2022-06-17 05:05:50,2022-06-17 15:05:50
cRYpG9,EGYPT,CAIRO,CAIRO,1,GREECE,ATHENS,ATHENS AIRPORT,3,60,40,20,60,40,20,348,237,42,2022-06-18 14:30:40,2022-06-19 00:30:40
pfRY44,EGYPT,CAIRO,CAIRO,3,GREECE,ATHENS,ATHENS AIRPORT,2,60,40,20,60,40,20,942,212,102,2022-06-19 03:18:45,2022-06-19 13:18:45
37Y5b5,EGYPT,CAIRO,CAIRO,3,GREECE,ATHENS,ATHENS AIRPORT,2,60,40,20,60,40,20,984,175,109,2022-06-11 15:06:45,2022-06-12 01:06:45
n6HzNX,EGYPT,CAIRO,CAIRO,3,GREECE,ATHENS,ATHENS AIRPORT,3,60,40,20,60,40,20,489,174,38,2022-06-11 13:45:38,2022-06-11 23:45:38
3wcdzJ,EGYPT,CAIRO,CAIRO,1,GREECE,ATHENS,ATHENS AIRPORT,1,60,40,20,60,40,20,972,243,66,2022-06-24 15:08:07,2022-06-25 01:08:07
fZhXQ5,EGYPT,CAIRO,CAIRO,1,CROATIA,DUBROVNIK,DUBROVNIK,3,60,40,20,60,40,20,476,244,39,2022-06-01 04:34:52,2022-06-01 14:34:52
4N3MDY,EGYPT,CAIRO,CAIRO,3,CROATIA,DUBROVNIK,DUBROVNIK,1,60,40,20,60,40,20,605,237,33,2022-06-27 06:01:47,2022-06-27 16:01:47
3B3ciA,EGYPT,CAIRO,CAIRO,1,CROATIA,DUBROVNIK,DUBROVNIK,3,60,40,20,60,40,20,903,153,32,2022-06-08 07:01:18,2022-06-08 17:01:18
ee5HHw,EGYPT,CAIRO,CAIRO,2,CROATIA,DUBROVNIK,DUBROVNIK,1,60,40,20,60,40,20,670,223,66,2022-06-21 05:14:20,2022-06-21 15:14:20
eNmUz2,EGYPT,CAIRO,CAIRO,1,CROATIA,DUBROVNIK,DUBROVNIK,2,60,40,20,60,40,20,811,205,73,2022-06-04 10:35:57,2022-06-04 20:35:57
3nfeDo,EGYPT,CAIRO,CAIRO,2,CROATIA,DUBROVNIK,DUBROVNIK,1,60,40,20,60,40,20,691,199,64,2022-06-13 01:43:46,2022-06-13 11:43:46
xnf4T4,EGYPT,CAIRO,CAIRO,2,CROATIA,DUBROVNIK,DUBROVNIK,3,60,40,20,60,40,20,316,168,115,2022-06-14 05:15:12,2022-06-14 15:15:12
ym8whT,EGYPT,CAIRO,CAIRO,3,CROATIA,DUBROVNIK,DUBROVNIK,2,60,40,20,60,40,20,639,165,29,2022-06-15 21:33:43,2022-06-16 07:33:43
3k8Jem,EGYPT,CAIRO,CAIRO,2,CROATIA,DUBROVNIK,DUBROVNIK,1,60,40,20,60,40,20,961,228,22,2022-06-07 08:39:21,2022-06-07 18:39:21
pfCQ5t,EGYPT,CAIRO,CAIRO,3,CROATIA,DUBROVNIK,DUBROVNIK,3,60,40,20,60,40,20,668,212,93,2022-06-29 03:21:18,2022-06-29 13:21:18
4XCNT8,EGYPT,CAIRO,CAIRO,3,CROATIA,DUBROVNIK,DUBROVNIK,1,60,40,20,60,40,20,836,227,54,2022-06-14 12:31:36,2022-06-14 22:31:36
3UC5dE,EGYPT,CAIRO,CAIRO,3,CROATIA,DUBROVNIK,DUBROVNIK,1,60,40,20,60,40,20,452,244,15,2022-06-18 11:30:34,2022-06-18 21:30:34
3ZK4Vx,EGYPT,CAIRO,CAIRO,1,CROATIA,DUBROVNIK,DUBROVNIK,2,60,40,20,60,40,20,649,188,94,2022-06-23 20:16:50,2022-06-24 06:16:50
3rL3WL,EGYPT,CAIRO,CAIRO,3,CROATIA,DUBROVNIK,DUBROVNIK,1,60,40,20,60,40,20,402,152,38,2022-06-09 19:03:38,2022-06-10 05:03:38
4LfASW,EGYPT,CAIRO,CAIRO,1,CROATIA,DUBROVNIK,DUBROVNIK,1,60,40,20,60,40,20,865,201,101,2022-06-01 20:25:43,2022-06-02 06:25:43
4BhcKB,EGYPT,CAIRO,CAIRO,3,SPAIN,SEVILLE,SEVILLE,2,60,40,20,60,40,20,318,242,67,2022-06-26 01:23:15,2022-06-26 11:23:15
3wM33K,EGYPT,CAIRO,CAIRO,2,SPAIN,SEVILLE,SEVILLE,3,60,40,20,60,40,20,572,202,68,2022-06-06 01:20:27,2022-06-06 11:20:27
QbVsri,EGYPT,CAIRO,CAIRO,2,SPAIN,SEVILLE,SEVILLE,3,60,40,20,60,40,20,991,189,114,2022-06-30 00:27:27,2022-06-30 10:27:27
3JbzgM,EGYPT,CAIRO,CAIRO,1,SPAIN,SEVILLE,SEVILLE,3,60,40,20,60,40,20,590,230,105,2022-06-26 11:22:27,2022-06-26 21:22:27
3cLBpo,EGYPT,CAIRO,CAIRO,3,SPAIN,SEVILLE,SEVILLE,1,60,40,20,60,40,20,548,222,55,2022-06-04 18:25:37,2022-06-05 04:25:37
35sFSi,EGYPT,CAIRO,CAIRO,2,SPAIN,SEVILLE,SEVILLE,2,60,40,20,60,40,20,516,236,87,2022-06-01 21:33:13,2022-06-02 07:33:13
3LwyiP,EGYPT,CAIRO,CAIRO,1,SPAIN,SEVILLE,SEVILLE,1,60,40,20,60,40,20,462,162,95,2022-06-30 01:23:14,2022-06-30 11:23:14
7eHYKv,EGYPT,CAIRO,CAIRO,1,SPAIN,SEVILLE,SEVILLE,1,60,40,20,60,40,20,630,154,39,2022-06-07 04:28:00,2022-06-07 14:28:00
34P7Wn,EGYPT,CAIRO,CAIRO,1,SPAIN,SEVILLE,SEVILLE,2,60,40,20,60,40,20,705,195,27,2022-06-18 21:27:23,2022-06-19 07:27:23
yyrTY5,EGYPT,CAIRO,CAIRO,1,SPAIN,SEVILLE,SEVILLE,2,60,40,20,60,40,20,797,248,13,2022-06-20 18:40:35,2022-06-21 04:40:35
33Ja4j,EGYPT,CAIRO,CAIRO,1,SPAIN,SEVILLE,SEVILLE,2,60,40,20,60,40,20,776,187,62,2022-06-20 09:56:34,2022-06-20 19:56:34
79pM83,EGYPT,CAIRO,CAIRO,1,SPAIN,SEVILLE,SEVILLE,1,60,40,20,60,40,20,724,196,74,2022-06-06 21:00:38,2022-06-07 07:00:38
3xmKpA,EGYPT,CAIRO,CAIRO,2,SPAIN,SEVILLE,SEVILLE,3,60,40,20,60,40,20,564,217,78,2022-06-13 09:09:08,2022-06-13 19:09:08
4H6ESe,EGYPT,CAIRO,CAIRO,1,SPAIN,SEVILLE,SEVILLE,3,60,40,20,60,40,20,387,250,13,2022-06-05 17:30:58,2022-06-06 03:30:58
4UrNKb,EGYPT,CAIRO,CAIRO,2,SPAIN,SEVILLE,SEVILLE,1,60,40,20,60,40,20,979,208,114,2022-06-23 05:28:39,2022-06-23 15:28:39
37eie8,EGYPT,CAIRO,CAIRO,1,CROATIA,SPLIT,SPLIT,2,60,40,20,60,40,20,379,152,112,2022-06-24 21:13:10,2022-06-25 07:13:10
9RrDPv,EGYPT,CAIRO,CAIRO,1,CROATIA,SPLIT,SPLIT,2,60,40,20,60,40,20,324,231,47,2022-06-06 12:27:14,2022-06-06 22:27:14
3PiXjC,EGYPT,CAIRO,CAIRO,3,CROATIA,SPLIT,SPLIT,1,60,40,20,60,40,20,596,161,71,2022-06-17 10:09:32,2022-06-17 20:09:32
VcftX8,EGYPT,CAIRO,CAIRO,3,CROATIA,SPLIT,SPLIT,3,60,40,20,60,40,20,759,170,98,2022-06-04 16:32:52,2022-06-05 02:32:52
3qKLEY,EGYPT,CAIRO,CAIRO,1,CROATIA,SPLIT,SPLIT,3,60,40,20,60,40,20,339,165,111,2022-06-06 14:05:40,2022-06-07 00:05:40
Rc9tUK,EGYPT,CAIRO,CAIRO,1,CROATIA,SPLIT,SPLIT,3,60,40,20,60,40,20,572,234,25,2022-06-24 00:23:21,2022-06-24 10:23:21
3ZPixp,EGYPT,CAIRO,CAIRO,1,CROATIA,SPLIT,SPLIT,1,60,40,20,60,40,20,367,210,43,2022-06-18 13:47:42,2022-06-18 23:47:42
3hjbFR,EGYPT,CAIRO,CAIRO,3,CROATIA,SPLIT,SPLIT,3,60,40,20,60,40,20,595,215,25,2022-06-18 02:12:04,2022-06-18 12:12:04
48gSXN,EGYPT,CAIRO,CAIRO,3,CROATIA,SPLIT,SPLIT,1,60,40,20,60,40,20,900,216,13,2022-06-01 22:28:34,2022-06-02 08:28:34
4579MU,EGYPT,CAIRO,CAIRO,3,CROATIA,SPLIT,SPLIT,1,60,40,20,60,40,20,322,188,13,2022-06-26 14:26:22,2022-06-27 00:26:22
SF4NNH,EGYPT,CAIRO,CAIRO,2,CROATIA,SPLIT,SPLIT,3,60,40,20,60,40,20,654,213,77,2022-06-21 03:17:13,2022-06-21 13:17:13
3TLXkH,EGYPT,CAIRO,CAIRO,3,CROATIA,SPLIT,SPLIT,1,60,40,20,60,40,20,550,221,117,2022-06-18 14:34:58,2022-06-19 00:34:58
38bwFx,EGYPT,CAIRO,CAIRO,3,CROATIA,SPLIT,SPLIT,3,60,40,20,60,40,20,527,198,13,2022-06-19 10:21:29,2022-06-19 20:21:29
46KDrK,EGYPT,CAIRO,CAIRO,1,CROATIA,SPLIT,SPLIT,2,60,40,20,60,40,20,594,182,68,2022-06-05 22:02:18,2022-06-06 08:02:18
S44kbf,EGYPT,CAIRO,CAIRO,1,CROATIA,SPLIT,SPLIT,3,60,40,20,60,40,20,931,205,35,2022-06-17 04:01:12,2022-06-17 14:01:12
3vmdTY,EGYPT,CAIRO,CAIRO,2,ITALY,GENOA,SESTRI,2,60,40,20,60,40,20,969,167,45,2022-06-28 16:37:36,2022-06-29 02:37:36
3tNRX4,EGYPT,CAIRO,CAIRO,1,ITALY,GENOA,SESTRI,3,60,40,20,60,40,20,826,202,37,2022-06-20 01:15:37,2022-06-20 11:15:37
3bK2of,EGYPT,CAIRO,CAIRO,2,ITALY,GENOA,SESTRI,1,60,40,20,60,40,20,402,192,103,2022-06-30 15:20:10,2022-07-01 01:20:10
36siPp,EGYPT,CAIRO,CAIRO,3,ITALY,GENOA,SESTRI,1,60,40,20,60,40,20,363,247,25,2022-06-01 00:51:07,2022-06-01 10:51:07
37v8Fc,EGYPT,CAIRO,CAIRO,2,ITALY,GENOA,SESTRI,1,60,40,20,60,40,20,841,193,100,2022-06-02 08:03:13,2022-06-02 18:03:13
hV967E,EGYPT,CAIRO,CAIRO,1,ITALY,GENOA,SESTRI,1,60,40,20,60,40,20,659,172,81,2022-06-06 23:17:27,2022-06-07 09:17:27
33L9hg,EGYPT,CAIRO,CAIRO,2,ITALY,GENOA,SESTRI,1,60,40,20,60,40,20,535,208,30,2022-06-03 09:00:36,2022-06-03 19:00:36
hG5BkU,EGYPT,CAIRO,CAIRO,2,ITALY,GENOA,SESTRI,3,60,40,20,60,40,20,673,169,105,2022-06-17 18:45:38,2022-06-18 04:45:38
uPJYy2,EGYPT,CAIRO,CAIRO,3,ITALY,GENOA,SESTRI,3,60,40,20,60,40,20,996,175,89,2022-06-11 06:11:55,2022-06-11 16:11:55
3ynAqs,EGYPT,CAIRO,CAIRO,2,ITALY,GENOA,SESTRI,2,60,40,20,60,40,20,537,225,102,2022-06-15 21:44:28,2022-06-16 07:44:28
BUaqdf,EGYPT,CAIRO,CAIRO,1,ITALY,GENOA,SESTRI,2,60,40,20,60,40,20,544,166,110,2022-06-17 23:33:00,2022-06-18 09:33:00
4H4oN4,EGYPT,CAIRO,CAIRO,3,ITALY,GENOA,SESTRI,2,60,40,20,60,40,20,544,240,101,2022-06-24 11:46:55,2022-06-24 21:46:55
4X5rug,EGYPT,CAIRO,CAIRO,3,ITALY,GENOA,SESTRI,1,60,40,20,60,40,20,693,180,107,2022-06-22 11:55:19,2022-06-22 21:55:19
4FmoeY,EGYPT,CAIRO,CAIRO,2,ITALY,GENOA,SESTRI,2,60,40,20,60,40,20,899,186,28,2022-06-11 21:23:00,2022-06-12 07:23:00
3hdVyv,EGYPT,CAIRO,CAIRO,1,ITALY,GENOA,SESTRI,1,60,40,20,60,40,20,570,168,18,2022-06-03 02:52:59,2022-06-03 12:52:59
4HHh3W,GERMANY,MUNICH,MUNICH INTRL AIRPORT,2,ITALY,ROME,LEONARDO DA VINCI INTERNATIONAL AIRPORT,1,60,40,20,60,40,20,306,224,78,2022-06-04 23:42:56,2022-06-05 09:42:56
ccyzYG,GERMANY,MUNICH,MUNICH INTRL AIRPORT,1,ITALY,ROME,LEONARDO DA VINCI INTERNATIONAL AIRPORT,1,60,40,20,60,40,20,964,167,75,2022-06-02 20:42:15,2022-06-03 06:42:15
44P22k,GERMANY,MUNICH,MUNICH INTRL AIRPORT,2,ITALY,ROME,LEONARDO DA VINCI INTERNATIONAL AIRPORT,1,60,40,20,60,40,20,319,207,106,2022-06-11 09:15:55,2022-06-11 19:15:55
3J8beS,GERMANY,MUNICH,MUNICH INTRL AIRPORT,1,ITALY,ROME,LEONARDO DA VINCI INTERNATIONAL AIRPORT,1,60,40,20,60,40,20,527,235,84,2022-06-30 18:18:38,2022-07-01 04:18:38
4UtLbg,GERMANY,MUNICH,MUNICH INTRL AIRPORT,3,ITALY,ROME,LEONARDO DA VINCI INTERNATIONAL AIRPORT,2,60,40,20,60,40,20,969,234,108,2022-06-03 15:20:15,2022-06-04 01:20:15
Fbjs2r,GERMANY,MUNICH,MUNICH INTRL AIRPORT,1,ITALY,ROME,LEONARDO DA VINCI INTERNATIONAL AIRPORT,2,60,40,20,60,40,20,781,176,108,2022-06-29 22:38:19,2022-06-30 08:38:19
3a2a7q,GERMANY,MUNICH,MUNICH INTRL AIRPORT,2,ITALY,ROME,LEONARDO DA VINCI INTERNATIONAL AIRPORT,3,60,40,20,60,40,20,519,164,78,2022-06-19 16:53:13,2022-06-20 02:53:13
4Ueefk,GERMANY,MUNICH,MUNICH INTRL AIRPORT,2,ITALY,ROME,LEONARDO DA VINCI INTERNATIONAL AIRPORT,2,60,40,20,60,40,20,496,185,101,2022-06-16 06:08:22,2022-06-16 16:08:22
Z4J2jm,GERMANY,MUNICH,MUNICH INTRL AIRPORT,1,ITALY,ROME,LEONARDO DA VINCI INTERNATIONAL AIRPORT,3,60,40,20,60,40,20,808,163,80,2022-06-30 16:03:23,2022-07-01 02:03:23
iFBBxw,GERMANY,MUNICH,MUNICH INTRL AIRPORT,3,ITALY,ROME,LEONARDO DA VINCI INTERNATIONAL AIRPORT,1,60,40,20,60,40,20,652,175,50,2022-06-12 07:25:17,2022-06-12 17:25:17
3G5gK9,GERMANY,MUNICH,MUNICH INTRL AIRPORT,2,ITALY,ROME,LEONARDO DA VINCI INTERNATIONAL AIRPORT,1,60,40,20,60,40,20,810,230,116,2022-06-30 15:18:13,2022-07-01 01:18:13
3cncrt,GERMANY,MUNICH,MUNICH INTRL AIRPORT,3,ITALY,ROME,LEONARDO DA VINCI INTERNATIONAL AIRPORT,3,60,40,20,60,40,20,793,243,78,2022-06-05 00:04:07,2022-06-05 10:04:07
3bRivr,GERMANY,MUNICH,MUNICH INTRL AIRPORT,3,ITALY,ROME,LEONARDO DA VINCI INTERNATIONAL AIRPORT,3,60,40,20,60,40,20,950,184,12,2022-06-24 04:39:07,2022-06-24 14:39:07
4SQZYX,GERMANY,MUNICH,MUNICH INTRL AIRPORT,1,ITALY,ROME,LEONARDO DA VINCI INTERNATIONAL AIRPORT,1,60,40,20,60,40,20,975,156,93,2022-06-18 01:04:07,2022-06-18 11:04:07
RBZzpY,GERMANY,MUNICH,MUNICH INTRL AIRPORT,1,ITALY,ROME,LEONARDO DA VINCI INTERNATIONAL AIRPORT,1,60,40,20,60,40,20,534,195,65,2022-06-16 23:13:17,2022-06-17 09:13:17
44JXxS,GERMANY,MUNICH,MUNICH INTRL AIRPORT,2,GREECE,ATHENS,ATHENS AIRPORT,3,60,40,20,60,40,20,981,157,101,2022-06-15 02:37:33,2022-06-15 12:37:33
antk4X,GERMANY,MUNICH,MUNICH INTRL AIRPORT,3,GREECE,ATHENS,ATHENS AIRPORT,3,60,40,20,60,40,20,938,222,115,2022-06-07 22:31:21,2022-06-08 08:31:21
3UZTw2,GERMANY,MUNICH,MUNICH INTRL AIRPORT,1,GREECE,ATHENS,ATHENS AIRPORT,3,60,40,20,60,40,20,383,249,13,2022-06-22 15:38:38,2022-06-23 01:38:38
GLXavR,GERMANY,MUNICH,MUNICH INTRL AIRPORT,3,GREECE,ATHENS,ATHENS AIRPORT,3,60,40,20,60,40,20,703,214,96,2022-06-22 17:07:42,2022-06-23 03:07:42
3Hxbvs,GERMANY,MUNICH,MUNICH INTRL AIRPORT,3,GREECE,ATHENS,ATHENS AIRPORT,1,60,40,20,60,40,20,766,240,114,2022-06-16 19:50:49,2022-06-17 05:50:49
DRNwjS,GERMANY,MUNICH,MUNICH INTRL AIRPORT,2,GREECE,ATHENS,ATHENS AIRPORT,1,60,40,20,60,40,20,802,166,65,2022-06-02 18:31:02,2022-06-03 04:31:02
ymZ7Jh,GERMANY,MUNICH,MUNICH INTRL AIRPORT,2,GREECE,ATHENS,ATHENS AIRPORT,3,60,40,20,60,40,20,689,185,91,2022-06-16 00:05:25,2022-06-16 10:05:25
4J4Fxy,GERMANY,MUNICH,MUNICH INTRL AIRPORT,1,GREECE,ATHENS,ATHENS AIRPORT,3,60,40,20,60,40,20,556,250,45,2022-06-24 09:09:30,2022-06-24 19:09:30
3hSpC9,GERMANY,MUNICH,MUNICH INTRL AIRPORT,2,GREECE,ATHENS,ATHENS AIRPORT,3,60,40,20,60,40,20,645,243,48,2022-06-05 05:53:18,2022-06-05 15:53:18
4EU5FN,GERMANY,MUNICH,MUNICH INTRL AIRPORT,3,GREECE,ATHENS,ATHENS AIRPORT,1,60,40,20,60,40,20,588,207,69,2022-06-11 19:00:38,2022-06-12 05:00:38
4Pc5Fr,GERMANY,MUNICH,MUNICH INTRL AIRPORT,1,GREECE,ATHENS,ATHENS AIRPORT,3,60,40,20,60,40,20,502,235,31,2022-06-12 22:31:14,2022-06-13 08:31:14
3TYcbt,GERMANY,MUNICH,MUNICH INTRL AIRPORT,2,GREECE,ATHENS,ATHENS AIRPORT,3,60,40,20,60,40,20,742,197,103,2022-06-20 21:17:43,2022-06-21 07:17:43
4XhH7a,GERMANY,MUNICH,MUNICH INTRL AIRPORT,2,GREECE,ATHENS,ATHENS AIRPORT,2,60,40,20,60,40,20,569,174,102,2022-06-03 05:51:42,2022-06-03 15:51:42
3AWzwZ,GERMANY,MUNICH,MUNICH INTRL AIRPORT,3,GREECE,ATHENS,ATHENS AIRPORT,1,60,40,20,60,40,20,473,157,68,2022-06-21 06:46:42,2022-06-21 16:46:42
3yajfT,GERMANY,MUNICH,MUNICH INTRL AIRPORT,2,GREECE,ATHENS,ATHENS AIRPORT,1,60,40,20,60,40,20,708,183,58,2022-06-01 11:46:02,2022-06-01 21:46:02
4KcYo8,GERMANY,MUNICH,MUNICH INTRL AIRPORT,2,CROATIA,DUBROVNIK,DUBROVNIK,3,60,40,20,60,40,20,357,236,41,2022-06-25 13:02:45,2022-06-25 23:02:45
3unANq,GERMANY,MUNICH,MUNICH INTRL AIRPORT,3,CROATIA,DUBROVNIK,DUBROVNIK,3,60,40,20,60,40,20,396,247,16,2022-06-22 13:30:08,2022-06-22 23:30:08
3RGAbt,GERMANY,MUNICH,MUNICH INTRL AIRPORT,3,CROATIA,DUBROVNIK,DUBROVNIK,1,60,40,20,60,40,20,856,190,38,2022-06-20 09:52:36,2022-06-20 19:52:36
48ZZgJ,GERMANY,MUNICH,MUNICH INTRL AIRPORT,2,CROATIA,DUBROVNIK,DUBROVNIK,1,60,40,20,60,40,20,581,246,45,2022-06-18 14:25:55,2022-06-19 00:25:55
B3ysgD,GERMANY,MUNICH,MUNICH INTRL AIRPORT,3,CROATIA,DUBROVNIK,DUBROVNIK,2,60,40,20,60,40,20,964,171,52,2022-06-06 17:18:27,2022-06-07 03:18:27
ud22Hk,GERMANY,MUNICH,MUNICH INTRL AIRPORT,3,CROATIA,DUBROVNIK,DUBROVNIK,2,60,40,20,60,40,20,895,203,78,2022-06-01 11:03:24,2022-06-01 21:03:24
3EkVeG,GERMANY,MUNICH,MUNICH INTRL AIRPORT,2,CROATIA,DUBROVNIK,DUBROVNIK,3,60,40,20,60,40,20,784,157,56,2022-06-15 17:11:10,2022-06-16 03:11:10
3DqYVT,GERMANY,MUNICH,MUNICH INTRL AIRPORT,3,CROATIA,DUBROVNIK,DUBROVNIK,1,60,40,20,60,40,20,785,188,92,2022-06-03 16:01:13,2022-06-04 02:01:13
9vL9Ki,GERMANY,MUNICH,MUNICH INTRL AIRPORT,1,CROATIA,DUBROVNIK,DUBROVNIK,1,60,40,20,60,40,20,800,225,46,2022-06-15 17:40:41,2022-06-16 03:40:41
4W8LN4,GERMANY,MUNICH,MUNICH INTRL AIRPORT,1,CROATIA,DUBROVNIK,DUBROVNIK,2,60,40,20,60,40,20,888,168,97,2022-06-16 16:53:37,2022-06-17 02:53:37
9RKox4,GERMANY,MUNICH,MUNICH INTRL AIRPORT,1,CROATIA,DUBROVNIK,DUBROVNIK,1,60,40,20,60,40,20,919,231,54,2022-06-15 23:13:09,2022-06-16 09:13:09
3XhYuB,GERMANY,MUNICH,MUNICH INTRL AIRPORT,2,CROATIA,DUBROVNIK,DUBROVNIK,3,60,40,20,60,40,20,339,189,34,2022-06-19 19:49:49,2022-06-20 05:49:49
3kJa6K,GERMANY,MUNICH,MUNICH INTRL AIRPORT,2,CROATIA,DUBROVNIK,DUBROVNIK,2,60,40,20,60,40,20,521,231,77,2022-06-07 00:11:07,2022-06-07 10:11:07
q2jh29,GERMANY,MUNICH,MUNICH INTRL AIRPORT,3,CROATIA,DUBROVNIK,DUBROVNIK,1,60,40,20,60,40,20,618,243,91,2022-06-08 16:24:06,2022-06-09 02:24:06
SKLZeb,GERMANY,MUNICH,MUNICH INTRL AIRPORT,2,CROATIA,DUBROVNIK,DUBROVNIK,1,60,40,20,60,40,20,915,233,28,2022-06-05 08:23:58,2022-06-05 18:23:58
mm7dPM,GERMANY,MUNICH,MUNICH INTRL AIRPORT,1,SPAIN,SEVILLE,SEVILLE,2,60,40,20,60,40,20,785,249,54,2022-06-11 04:08:56,2022-06-11 14:08:56
EXHiqE,GERMANY,MUNICH,MUNICH INTRL AIRPORT,3,SPAIN,SEVILLE,SEVILLE,3,60,40,20,60,40,20,705,189,88,2022-06-14 21:08:25,2022-06-15 07:08:25
3iBsZp,GERMANY,MUNICH,MUNICH INTRL AIRPORT,3,SPAIN,SEVILLE,SEVILLE,2,60,40,20,60,40,20,455,250,53,2022-06-06 00:23:19,2022-06-06 10:23:19
kfGtGe,GERMANY,MUNICH,MUNICH INTRL AIRPORT,3,SPAIN,SEVILLE,SEVILLE,2,60,40,20,60,40,20,853,226,29,2022-06-11 15:21:09,2022-06-12 01:21:09
3hXBK7,GERMANY,MUNICH,MUNICH INTRL AIRPORT,1,SPAIN,SEVILLE,SEVILLE,3,60,40,20,60,40,20,488,207,34,2022-06-30 16:52:11,2022-07-01 02:52:11
UUHs8D,GERMANY,MUNICH,MUNICH INTRL AIRPORT,2,SPAIN,SEVILLE,SEVILLE,2,60,40,20,60,40,20,406,205,61,2022-06-18 02:05:50,2022-06-18 12:05:50
3HKzaQ,GERMANY,MUNICH,MUNICH INTRL AIRPORT,3,SPAIN,SEVILLE,SEVILLE,1,60,40,20,60,40,20,650,163,107,2022-06-12 20:10:36,2022-06-13 06:10:36
4QL3fs,GERMANY,MUNICH,MUNICH INTRL AIRPORT,2,SPAIN,SEVILLE,SEVILLE,1,60,40,20,60,40,20,691,198,52,2022-06-06 18:09:42,2022-06-07 04:09:42
3fXrwL,GERMANY,MUNICH,MUNICH INTRL AIRPORT,1,SPAIN,SEVILLE,SEVILLE,1,60,40,20,60,40,20,398,172,71,2022-06-14 21:03:58,2022-06-15 07:03:58
GXLmwo,GERMANY,MUNICH,MUNICH INTRL AIRPORT,2,SPAIN,SEVILLE,SEVILLE,1,60,40,20,60,40,20,548,233,47,2022-06-09 04:33:24,2022-06-09 14:33:24
468Bg3,GERMANY,MUNICH,MUNICH INTRL AIRPORT,3,SPAIN,SEVILLE,SEVILLE,3,60,40,20,60,40,20,727,242,24,2022-06-27 16:25:41,2022-06-28 02:25:41
bQkSoP,GERMANY,MUNICH,MUNICH INTRL AIRPORT,3,SPAIN,SEVILLE,SEVILLE,3,60,40,20,60,40,20,551,211,25,2022-06-27 14:05:40,2022-06-28 00:05:40
4WmqBa,GERMANY,MUNICH,MUNICH INTRL AIRPORT,3,SPAIN,SEVILLE,SEVILLE,2,60,40,20,60,40,20,809,191,91,2022-06-09 00:29:36,2022-06-09 10:29:36
3siSvA,GERMANY,MUNICH,MUNICH INTRL AIRPORT,3,SPAIN,SEVILLE,SEVILLE,2,60,40,20,60,40,20,775,233,116,2022-06-25 16:38:09,2022-06-26 02:38:09
49m2q7,GERMANY,MUNICH,MUNICH INTRL AIRPORT,1,SPAIN,SEVILLE,SEVILLE,2,60,40,20,60,40,20,444,154,86,2022-06-02 22:50:15,2022-06-03 08:50:15
Bn6LXf,GERMANY,MUNICH,MUNICH INTRL AIRPORT,3,CROATIA,SPLIT,SPLIT,1,60,40,20,60,40,20,576,155,47,2022-06-11 15:42:11,2022-06-12 01:42:11
3HyjW9,GERMANY,MUNICH,MUNICH INTRL AIRPORT,1,CROATIA,SPLIT,SPLIT,1,60,40,20,60,40,20,579,159,25,2022-06-07 14:40:21,2022-06-08 00:40:21
3c95Pb,GERMANY,MUNICH,MUNICH INTRL AIRPORT,1,CROATIA,SPLIT,SPLIT,3,60,40,20,60,40,20,777,205,92,2022-06-12 13:10:57,2022-06-12 23:10:57
JcWyRm,GERMANY,MUNICH,MUNICH INTRL AIRPORT,2,CROATIA,SPLIT,SPLIT,2,60,40,20,60,40,20,857,245,116,2022-06-29 23:01:03,2022-06-30 09:01:03
3FEoSC,GERMANY,MUNICH,MUNICH INTRL AIRPORT,3,CROATIA,SPLIT,SPLIT,2,60,40,20,60,40,20,827,208,106,2022-06-17 03:25:35,2022-06-17 13:25:35
4KXjZb,GERMANY,MUNICH,MUNICH INTRL AIRPORT,3,CROATIA,SPLIT,SPLIT,3,60,40,20,60,40,20,919,169,70,2022-06-25 06:39:33,2022-06-25 16:39:33
xa5keu,GERMANY,MUNICH,MUNICH INTRL AIRPORT,3,CROATIA,SPLIT,SPLIT,2,60,40,20,60,40,20,807,211,98,2022-06-30 12:40:19,2022-06-30 22:40:19
3jhBQY,GERMANY,MUNICH,MUNICH INTRL AIRPORT,3,CROATIA,SPLIT,SPLIT,1,60,40,20,60,40,20,643,159,92,2022-06-20 15:02:38,2022-06-21 01:02:38
3f6h9T,GERMANY,MUNICH,MUNICH INTRL AIRPORT,3,CROATIA,SPLIT,SPLIT,3,60,40,20,60,40,20,834,182,94,2022-06-27 00:55:17,2022-06-27 10:55:17
3Y6fSz,GERMANY,MUNICH,MUNICH INTRL AIRPORT,1,CROATIA,SPLIT,SPLIT,3,60,40,20,60,40,20,358,175,78,2022-06-15 20:40:07,2022-06-16 06:40:07
HBfeCY,GERMANY,MUNICH,MUNICH INTRL AIRPORT,1,CROATIA,SPLIT,SPLIT,3,60,40,20,60,40,20,586,214,63,2022-06-02 14:52:43,2022-06-03 00:52:43
SGo5oC,GERMANY,MUNICH,MUNICH INTRL AIRPORT,3,CROATIA,SPLIT,SPLIT,3,60,40,20,60,40,20,770,225,96,2022-06-02 23:32:13,2022-06-03 09:32:13
4CiiLP,GERMANY,MUNICH,MUNICH INTRL AIRPORT,3,CROATIA,SPLIT,SPLIT,3,60,40,20,60,40,20,568,194,93,2022-06-26 12:29:15,2022-06-26 22:29:15
4C5iT6,GERMANY,MUNICH,MUNICH INTRL AIRPORT,2,CROATIA,SPLIT,SPLIT,2,60,40,20,60,40,20,595,199,94,2022-06-17 07:27:41,2022-06-17 17:27:41
358AGo,GERMANY,MUNICH,MUNICH INTRL AIRPORT,1,CROATIA,SPLIT,SPLIT,3,60,40,20,60,40,20,724,241,13,2022-06-18 15:35:52,2022-06-19 01:35:52
tV34ci,GERMANY,MUNICH,MUNICH INTRL AIRPORT,1,ITALY,GENOA,SESTRI,3,60,40,20,60,40,20,439,202,81,2022-06-03 00:39:42,2022-06-03 10:39:42
3fCAfy,GERMANY,MUNICH,MUNICH INTRL AIRPORT,1,ITALY,GENOA,SESTRI,2,60,40,20,60,40,20,406,200,77,2022-06-25 09:47:52,2022-06-25 19:47:52
CNaZxC,GERMANY,MUNICH,MUNICH INTRL AIRPORT,3,ITALY,GENOA,SESTRI,1,60,40,20,60,40,20,488,165,33,2022-06-03 10:40:04,2022-06-03 20:40:04
mbopVN,GERMANY,MUNICH,MUNICH INTRL AIRPORT,2,ITALY,GENOA,SESTRI,2,60,40,20,60,40,20,558,243,104,2022-06-20 00:44:19,2022-06-20 10:44:19
3S2gjS,GERMANY,MUNICH,MUNICH INTRL AIRPORT,3,ITALY,GENOA,SESTRI,2,60,40,20,60,40,20,504,197,63,2022-06-26 01:52:50,2022-06-26 11:52:50
3vs4bc,GERMANY,MUNICH,MUNICH INTRL AIRPORT,1,ITALY,GENOA,SESTRI,1,60,40,20,60,40,20,603,248,92,2022-06-15 15:48:38,2022-06-16 01:48:38
wEMzG9,GERMANY,MUNICH,MUNICH INTRL AIRPORT,1,ITALY,GENOA,SESTRI,3,60,40,20,60,40,20,590,196,29,2022-06-28 13:49:30,2022-06-28 23:49:30
LEdESu,GERMANY,MUNICH,MUNICH INTRL AIRPORT,1,ITALY,GENOA,SESTRI,1,60,40,20,60,40,20,683,216,43,2022-06-08 08:46:46,2022-06-08 18:46:46
mMeMqS,GERMANY,MUNICH,MUNICH INTRL AIRPORT,2,ITALY,GENOA,SESTRI,3,60,40,20,60,40,20,487,172,52,2022-06-29 07:42:35,2022-06-29 17:42:35
sAib88,GERMANY,MUNICH,MUNICH INTRL AIRPORT,2,ITALY,GENOA,SESTRI,1,60,40,20,60,40,20,559,152,37,2022-06-08 06:18:56,2022-06-08 16:18:56
GNotfJ,GERMANY,MUNICH,MUNICH INTRL AIRPORT,3,ITALY,GENOA,SESTRI,1,60,40,20,60,40,20,889,171,54,2022-06-22 21:11:53,2022-06-23 07:11:53
3fCnpC,GERMANY,MUNICH,MUNICH INTRL AIRPORT,3,ITALY,GENOA,SESTRI,3,60,40,20,60,40,20,918,243,66,2022-06-25 19:05:39,2022-06-26 05:05:39
7wChAB,GERMANY,MUNICH,MUNICH INTRL AIRPORT,2,ITALY,GENOA,SESTRI,1,60,40,20,60,40,20,854,246,114,2022-06-27 13:12:53,2022-06-27 23:12:53
3iPjui,GERMANY,MUNICH,MUNICH INTRL AIRPORT,2,ITALY,GENOA,SESTRI,1,60,40,20,60,40,20,434,216,19,2022-06-05 15:34:09,2022-06-06 01:34:09
3yFa8e,GERMANY,MUNICH,MUNICH INTRL AIRPORT,3,ITALY,GENOA,SESTRI,1,60,40,20,60,40,20,604,182,120,2022-06-04 15:37:58,2022-06-05 01:37:58
